{
  "periods": [
    "Period 1 (Early)",
    "Period 2 (Middle)",
    "Period 3 (Recent)"
  ],
  "models": [
    "dmfm",
    "mlp_gat",
    "mlp",
    "linear",
    "momentum",
    "reversal"
  ],
  "results": {
    "Period 1 (Early)": {
      "dmfm": {
        "ic": -0.0003937077885278479,
        "icir": -0.002130222489821239,
        "sharpe": -0.030421157112415814,
        "return": -0.012628044554696127,
        "max_dd": -0.5014497552856954,
        "win_rate": 0.49834983498349833
      },
      "mlp_gat": {
        "ic": -0.01797743617714899,
        "icir": -0.1309678983950781,
        "sharpe": -0.7310276209099044,
        "return": -0.263523166458393,
        "max_dd": -0.6762510219990198,
        "win_rate": 0.5082508250825083
      },
      "mlp": {
        "ic": -0.021345246927762747,
        "icir": -0.12734305531997003,
        "sharpe": -1.1680205891067192,
        "return": -0.48383369553574784,
        "max_dd": -0.716890283192773,
        "win_rate": 0.5016501650165016
      },
      "linear": {
        "ic": 0.021345229292498394,
        "icir": 0.12734295045669558,
        "sharpe": 1.431680260826148,
        "return": 0.6525285071544156,
        "max_dd": -0.491995799792404,
        "win_rate": 0.49834983498349833
      },
      "momentum": {
        "ic": -0.004125537577457111,
        "icir": -0.019842361606883442,
        "sharpe": 0.25020619692193813,
        "return": 0.10467712811654417,
        "max_dd": -0.30694274776484587,
        "win_rate": 0.5016501650165016
      },
      "reversal": {
        "ic": 0.004125537577457111,
        "icir": 0.019842361606883442,
        "sharpe": -0.5318593983986565,
        "return": -0.2162776290817957,
        "max_dd": -0.5253438964070648,
        "win_rate": 0.49834983498349833
      }
    },
    "Period 2 (Middle)": {
      "dmfm": {
        "ic": 0.04829361566831127,
        "icir": 0.36244241212205003,
        "sharpe": 9.788634221423527,
        "return": 4.678703689194609,
        "max_dd": -0.4370263648854126,
        "win_rate": 0.5808580858085809
      },
      "mlp_gat": {
        "ic": 0.019582066224678958,
        "icir": 0.13728032036473195,
        "sharpe": 2.248970442625949,
        "return": 1.0919085479059913,
        "max_dd": -0.6385951441847614,
        "win_rate": 0.5214521452145214
      },
      "mlp": {
        "ic": -0.015370680089785814,
        "icir": -0.11035757156637117,
        "sharpe": -1.3546072249186256,
        "return": -0.5664000657596427,
        "max_dd": -0.721005346191094,
        "win_rate": 0.48184818481848185
      },
      "linear": {
        "ic": 0.015370674990276036,
        "icir": 0.11035753398571427,
        "sharpe": 2.0095733449120474,
        "return": 0.9504884380288643,
        "max_dd": -0.5700439843360858,
        "win_rate": 0.5181518151815182
      },
      "momentum": {
        "ic": -0.002198296473867987,
        "icir": -0.010421503356927568,
        "sharpe": 0.3292487367764343,
        "return": 0.14431511733500657,
        "max_dd": -0.3737498424236619,
        "win_rate": 0.5016501650165016
      },
      "reversal": {
        "ic": 0.002198296473867987,
        "icir": 0.010421503356927568,
        "sharpe": -0.5979323667832414,
        "return": -0.25302499465266226,
        "max_dd": -0.534885491194768,
        "win_rate": 0.49834983498349833
      }
    },
    "Period 3 (Recent)": {
      "dmfm": {
        "ic": 0.02167867039439419,
        "icir": 0.10381987605987782,
        "sharpe": -0.626016169793084,
        "return": -0.28329837625486864,
        "max_dd": -0.6022439366300384,
        "win_rate": 0.49174917491749176
      },
      "mlp_gat": {
        "ic": 0.018731197777729428,
        "icir": 0.12347019684116155,
        "sharpe": 0.8001459856243688,
        "return": 0.36499678306984884,
        "max_dd": -0.34625099547838867,
        "win_rate": 0.5214521452145214
      },
      "mlp": {
        "ic": 0.018411493847314147,
        "icir": 0.12193599551114812,
        "sharpe": 0.35069184877697984,
        "return": 0.15931335334805174,
        "max_dd": -0.37024496258383655,
        "win_rate": 0.5115511551155115
      },
      "linear": {
        "ic": 0.01841149405968566,
        "icir": 0.12193599740074416,
        "sharpe": 0.35217782007164244,
        "return": 0.1599156712873493,
        "max_dd": -0.37024496258383655,
        "win_rate": 0.5115511551155115
      },
      "momentum": {
        "ic": -0.014097572887729755,
        "icir": -0.059375817170983815,
        "sharpe": -1.2892917673625341,
        "return": -0.5717819763691767,
        "max_dd": -0.635741416900541,
        "win_rate": 0.43564356435643564
      },
      "reversal": {
        "ic": 0.014097572887729755,
        "icir": 0.059375817170983815,
        "sharpe": 1.8464473365169058,
        "return": 0.9244243743380349,
        "max_dd": -0.2610489489844835,
        "win_rate": 0.5643564356435643
      }
    }
  },
  "average": {
    "dmfm": {
      "ic": 0.023192859424725872,
      "sharpe": 3.0440656315060086,
      "return": 1.4609257561283482
    },
    "mlp_gat": {
      "ic": 0.0067786092750864654,
      "sharpe": 0.7726962691134712,
      "return": 0.39779405483914904
    },
    "mlp": {
      "ic": -0.0061014777234114715,
      "sharpe": -0.7239786550827884,
      "return": -0.29697346931577967
    },
    "linear": {
      "ic": 0.018375799447486695,
      "sharpe": 1.2644771419366125,
      "return": 0.5876442054902097
    },
    "momentum": {
      "ic": -0.006807135646351618,
      "sharpe": -0.23661227788805392,
      "return": -0.10759657697254199
    },
    "reversal": {
      "ic": 0.006807135646351618,
      "sharpe": 0.23888519044500267,
      "return": 0.15170725020119233
    }
  }
}